Format,pluribusunum
_beginpeers
https://galaxies.mygamesonline.org/receiver.csv
https://receiver01.devcoin.org/receiver.csv
https://receiver02.devcoin.org/receiver/receiver.csv
https://receiver03.devcoin.org/receiver.csv
https://receiver04.devcoin.org/receiver.csv
_endpeers
_begincoins
19hM1CJzN2FYiR8CcrEe2X7SbJ69xH8nZ6
1LjmvaTGGQNRDrZPmQpWmXM3kubfAadmGC
1FQsjzmQvpETEfsR8CwyoL9HThE56mEry
1KKZGDL56sHrZefZWw2p61x1z3qzyNAUDJ
1FQsjzmQvpETEfsR8CwyoL9HThE56mEry
1LjmvaTGGQNRDrZPmQpWmXM3kubfAadmGC
19hM1CJzN2FYiR8CcrEe2X7SbJ69xH8nZ6
1KKZGDL56sHrZefZWw2p61x1z3qzyNAUDJ
19hM1CJzN2FYiR8CcrEe2X7SbJ69xH8nZ6
1n58SBkjTAGfMivACgkaAkRY9Q7pjNeRB
1FQsjzmQvpETEfsR8CwyoL9HThE56mEry
1KKZGDL56sHrZefZWw2p61x1z3qzyNAUDJ
1FQsjzmQvpETEfsR8CwyoL9HThE56mEry
19hM1CJzN2FYiR8CcrEe2X7SbJ69xH8nZ6
1LjmvaTGGQNRDrZPmQpWmXM3kubfAadmGC
1F272RtCW9TKvYA3YUMA9AZ3xbxJjaoBEQ
1KKZGDL56sHrZefZWw2p61x1z3qzyNAUDJ
1n58SBkjTAGfMivACgkaAkRY9Q7pjNeRB
1FQsjzmQvpETEfsR8CwyoL9HThE56mEry
1KKZGDL56sHrZefZWw2p61x1z3qzyNAUDJ
19hM1CJzN2FYiR8CcrEe2X7SbJ69xH8nZ6
1KKZGDL56sHrZefZWw2p61x1z3qzyNAUDJ
1LjmvaTGGQNRDrZPmQpWmXM3kubfAadmGC
1FQsjzmQvpETEfsR8CwyoL9HThE56mEry
1KKZGDL56sHrZefZWw2p61x1z3qzyNAUDJ
19hM1CJzN2FYiR8CcrEe2X7SbJ69xH8nZ6
1FQsjzmQvpETEfsR8CwyoL9HThE56mEry
1LjmvaTGGQNRDrZPmQpWmXM3kubfAadmGC
1F272RtCW9TKvYA3YUMA9AZ3xbxJjaoBEQ
1KKZGDL56sHrZefZWw2p61x1z3qzyNAUDJ
19hM1CJzN2FYiR8CcrEe2X7SbJ69xH8nZ6
1n58SBkjTAGfMivACgkaAkRY9Q7pjNeRB
1FQsjzmQvpETEfsR8CwyoL9HThE56mEry
1KKZGDL56sHrZefZWw2p61x1z3qzyNAUDJ
1FQsjzmQvpETEfsR8CwyoL9HThE56mEry
19hM1CJzN2FYiR8CcrEe2X7SbJ69xH8nZ6
1LjmvaTGGQNRDrZPmQpWmXM3kubfAadmGC
1F272RtCW9TKvYA3YUMA9AZ3xbxJjaoBEQ
1KKZGDL56sHrZefZWw2p61x1z3qzyNAUDJ
1n58SBkjTAGfMivACgkaAkRY9Q7pjNeRB
1FQsjzmQvpETEfsR8CwyoL9HThE56mEry
1LjmvaTGGQNRDrZPmQpWmXM3kubfAadmGC
19hM1CJzN2FYiR8CcrEe2X7SbJ69xH8nZ6
1KKZGDL56sHrZefZWw2p61x1z3qzyNAUDJ
19hM1CJzN2FYiR8CcrEe2X7SbJ69xH8nZ6
1LjmvaTGGQNRDrZPmQpWmXM3kubfAadmGC
1FQsjzmQvpETEfsR8CwyoL9HThE56mEry
1KKZGDL56sHrZefZWw2p61x1z3qzyNAUDJ
1FQsjzmQvpETEfsR8CwyoL9HThE56mEry
19hM1CJzN2FYiR8CcrEe2X7SbJ69xH8nZ6
1LjmvaTGGQNRDrZPmQpWmXM3kubfAadmGC
1FQsjzmQvpETEfsR8CwyoL9HThE56mEry
1n58SBkjTAGfMivACgkaAkRY9Q7pjNeRB
1KKZGDL56sHrZefZWw2p61x1z3qzyNAUDJ
1F272RtCW9TKvYA3YUMA9AZ3xbxJjaoBEQ
1KKZGDL56sHrZefZWw2p61x1z3qzyNAUDJ
1FQsjzmQvpETEfsR8CwyoL9HThE56mEry
19hM1CJzN2FYiR8CcrEe2X7SbJ69xH8nZ6
1LjmvaTGGQNRDrZPmQpWmXM3kubfAadmGC
1FQsjzmQvpETEfsR8CwyoL9HThE56mEry
1KKZGDL56sHrZefZWw2p61x1z3qzyNAUDJ
1FQsjzmQvpETEfsR8CwyoL9HThE56mEry
19hM1CJzN2FYiR8CcrEe2X7SbJ69xH8nZ6
1LjmvaTGGQNRDrZPmQpWmXM3kubfAadmGC
1KKZGDL56sHrZefZWw2p61x1z3qzyNAUDJ
19hM1CJzN2FYiR8CcrEe2X7SbJ69xH8nZ6
1n58SBkjTAGfMivACgkaAkRY9Q7pjNeRB
1FQsjzmQvpETEfsR8CwyoL9HThE56mEry
1KKZGDL56sHrZefZWw2p61x1z3qzyNAUDJ
19hM1CJzN2FYiR8CcrEe2X7SbJ69xH8nZ6
1FQsjzmQvpETEfsR8CwyoL9HThE56mEry
1LjmvaTGGQNRDrZPmQpWmXM3kubfAadmGC
1F272RtCW9TKvYA3YUMA9AZ3xbxJjaoBEQ
1KKZGDL56sHrZefZWw2p61x1z3qzyNAUDJ
1n58SBkjTAGfMivACgkaAkRY9Q7pjNeRB
1FQsjzmQvpETEfsR8CwyoL9HThE56mEry
19hM1CJzN2FYiR8CcrEe2X7SbJ69xH8nZ6
1KKZGDL56sHrZefZWw2p61x1z3qzyNAUDJ
1KKZGDL56sHrZefZWw2p61x1z3qzyNAUDJ
19hM1CJzN2FYiR8CcrEe2X7SbJ69xH8nZ6
1LjmvaTGGQNRDrZPmQpWmXM3kubfAadmGC
1FQsjzmQvpETEfsR8CwyoL9HThE56mEry
1KKZGDL56sHrZefZWw2p61x1z3qzyNAUDJ
1FQsjzmQvpETEfsR8CwyoL9HThE56mEry
19hM1CJzN2FYiR8CcrEe2X7SbJ69xH8nZ6
1LjmvaTGGQNRDrZPmQpWmXM3kubfAadmGC
1F272RtCW9TKvYA3YUMA9AZ3xbxJjaoBEQ
1KKZGDL56sHrZefZWw2p61x1z3qzyNAUDJ
1n58SBkjTAGfMivACgkaAkRY9Q7pjNeRB
1FQsjzmQvpETEfsR8CwyoL9HThE56mEry
19hM1CJzN2FYiR8CcrEe2X7SbJ69xH8nZ6
1KKZGDL56sHrZefZWw2p61x1z3qzyNAUDJ
1FQsjzmQvpETEfsR8CwyoL9HThE56mEry
19hM1CJzN2FYiR8CcrEe2X7SbJ69xH8nZ6
1LjmvaTGGQNRDrZPmQpWmXM3kubfAadmGC
1FQsjzmQvpETEfsR8CwyoL9HThE56mEry
1KKZGDL56sHrZefZWw2p61x1z3qzyNAUDJ
1n58SBkjTAGfMivACgkaAkRY9Q7pjNeRB
1FQsjzmQvpETEfsR8CwyoL9HThE56mEry
1LjmvaTGGQNRDrZPmQpWmXM3kubfAadmGC
19hM1CJzN2FYiR8CcrEe2X7SbJ69xH8nZ6
1KKZGDL56sHrZefZWw2p61x1z3qzyNAUDJ
19hM1CJzN2FYiR8CcrEe2X7SbJ69xH8nZ6
1n58SBkjTAGfMivACgkaAkRY9Q7pjNeRB
1FQsjzmQvpETEfsR8CwyoL9HThE56mEry
1KKZGDL56sHrZefZWw2p61x1z3qzyNAUDJ
1FQsjzmQvpETEfsR8CwyoL9HThE56mEry
19hM1CJzN2FYiR8CcrEe2X7SbJ69xH8nZ6
1LjmvaTGGQNRDrZPmQpWmXM3kubfAadmGC
1F272RtCW9TKvYA3YUMA9AZ3xbxJjaoBEQ
1KKZGDL56sHrZefZWw2p61x1z3qzyNAUDJ
1n58SBkjTAGfMivACgkaAkRY9Q7pjNeRB
1FQsjzmQvpETEfsR8CwyoL9HThE56mEry
1KKZGDL56sHrZefZWw2p61x1z3qzyNAUDJ
1FQsjzmQvpETEfsR8CwyoL9HThE56mEry
19hM1CJzN2FYiR8CcrEe2X7SbJ69xH8nZ6
1LjmvaTGGQNRDrZPmQpWmXM3kubfAadmGC
1FQsjzmQvpETEfsR8CwyoL9HThE56mEry
1KKZGDL56sHrZefZWw2p61x1z3qzyNAUDJ
1FQsjzmQvpETEfsR8CwyoL9HThE56mEry
19hM1CJzN2FYiR8CcrEe2X7SbJ69xH8nZ6
1LjmvaTGGQNRDrZPmQpWmXM3kubfAadmGC
19hM1CJzN2FYiR8CcrEe2X7SbJ69xH8nZ6
1KKZGDL56sHrZefZWw2p61x1z3qzyNAUDJ
1n58SBkjTAGfMivACgkaAkRY9Q7pjNeRB
1FQsjzmQvpETEfsR8CwyoL9HThE56mEry
19hM1CJzN2FYiR8CcrEe2X7SbJ69xH8nZ6
1KKZGDL56sHrZefZWw2p61x1z3qzyNAUDJ
1FQsjzmQvpETEfsR8CwyoL9HThE56mEry
1F272RtCW9TKvYA3YUMA9AZ3xbxJjaoBEQ
1LjmvaTGGQNRDrZPmQpWmXM3kubfAadmGC
19hM1CJzN2FYiR8CcrEe2X7SbJ69xH8nZ6
1KKZGDL56sHrZefZWw2p61x1z3qzyNAUDJ
1n58SBkjTAGfMivACgkaAkRY9Q7pjNeRB
1FQsjzmQvpETEfsR8CwyoL9HThE56mEry
1KKZGDL56sHrZefZWw2p61x1z3qzyNAUDJ
19hM1CJzN2FYiR8CcrEe2X7SbJ69xH8nZ6
1KKZGDL56sHrZefZWw2p61x1z3qzyNAUDJ
1LjmvaTGGQNRDrZPmQpWmXM3kubfAadmGC
1FQsjzmQvpETEfsR8CwyoL9HThE56mEry
1KKZGDL56sHrZefZWw2p61x1z3qzyNAUDJ
19hM1CJzN2FYiR8CcrEe2X7SbJ69xH8nZ6
1FQsjzmQvpETEfsR8CwyoL9HThE56mEry
1LjmvaTGGQNRDrZPmQpWmXM3kubfAadmGC
1F272RtCW9TKvYA3YUMA9AZ3xbxJjaoBEQ
1KKZGDL56sHrZefZWw2p61x1z3qzyNAUDJ
18teVwxM3R27swjcQrA82RpvJKtay5gycM,18teVwxM3R27swjcQrA82RpvJKtay5gycM,1Emfox1WswYcd2YucUskRzqfRWKkcm1Jut,1Emfox1WswYcd2YucUskRzqfRWKkcm1Jut,1Emfox1WswYcd2YucUskRzqfRWKkcm1Jut
1NGCrVaFXanWib44ijNBR8yBoCAREGpXro,16AJsk7oiNapaUx8Mnjs5sgQWWC8zd2Vy6,16AJsk7oiNapaUx8Mnjs5sgQWWC8zd2Vy6,121Pb2BBrU7C61vBdWCKVuFFmaEZr6xFAX,121Pb2BBrU7C61vBdWCKVuFFmaEZr6xFAX
1DogCa5wiVZJWFnFDezuw5XssoWWabijnE
19hM1CJzN2FYiR8CcrEe2X7SbJ69xH8nZ6
1n58SBkjTAGfMivACgkaAkRY9Q7pjNeRB
1FQsjzmQvpETEfsR8CwyoL9HThE56mEry
1KKZGDL56sHrZefZWw2p61x1z3qzyNAUDJ
19hM1CJzN2FYiR8CcrEe2X7SbJ69xH8nZ6
1FQsjzmQvpETEfsR8CwyoL9HThE56mEry
1LjmvaTGGQNRDrZPmQpWmXM3kubfAadmGC
1FQsjzmQvpETEfsR8CwyoL9HThE56mEry
1KKZGDL56sHrZefZWw2p61x1z3qzyNAUDJ
19hM1CJzN2FYiR8CcrEe2X7SbJ69xH8nZ6
1FQsjzmQvpETEfsR8CwyoL9HThE56mEry
1LjmvaTGGQNRDrZPmQpWmXM3kubfAadmGC
19hM1CJzN2FYiR8CcrEe2X7SbJ69xH8nZ6
1KKZGDL56sHrZefZWw2p61x1z3qzyNAUDJ
1n58SBkjTAGfMivACgkaAkRY9Q7pjNeRB
1FQsjzmQvpETEfsR8CwyoL9HThE56mEry
19hM1CJzN2FYiR8CcrEe2X7SbJ69xH8nZ6
1KKZGDL56sHrZefZWw2p61x1z3qzyNAUDJ
1FQsjzmQvpETEfsR8CwyoL9HThE56mEry
1F272RtCW9TKvYA3YUMA9AZ3xbxJjaoBEQ
1LjmvaTGGQNRDrZPmQpWmXM3kubfAadmGC
1KKZGDL56sHrZefZWw2p61x1z3qzyNAUDJ
1n58SBkjTAGfMivACgkaAkRY9Q7pjNeRB
1FQsjzmQvpETEfsR8CwyoL9HThE56mEry
19hM1CJzN2FYiR8CcrEe2X7SbJ69xH8nZ6
1KKZGDL56sHrZefZWw2p61x1z3qzyNAUDJ
1KKZGDL56sHrZefZWw2p61x1z3qzyNAUDJ
19hM1CJzN2FYiR8CcrEe2X7SbJ69xH8nZ6
1LjmvaTGGQNRDrZPmQpWmXM3kubfAadmGC
1FQsjzmQvpETEfsR8CwyoL9HThE56mEry
1KKZGDL56sHrZefZWw2p61x1z3qzyNAUDJ
1FQsjzmQvpETEfsR8CwyoL9HThE56mEry
19hM1CJzN2FYiR8CcrEe2X7SbJ69xH8nZ6
1LjmvaTGGQNRDrZPmQpWmXM3kubfAadmGC
1F272RtCW9TKvYA3YUMA9AZ3xbxJjaoBEQ
1KKZGDL56sHrZefZWw2p61x1z3qzyNAUDJ
1n58SBkjTAGfMivACgkaAkRY9Q7pjNeRB
1FQsjzmQvpETEfsR8CwyoL9HThE56mEry
19hM1CJzN2FYiR8CcrEe2X7SbJ69xH8nZ6
1KKZGDL56sHrZefZWw2p61x1z3qzyNAUDJ
1FQsjzmQvpETEfsR8CwyoL9HThE56mEry
19hM1CJzN2FYiR8CcrEe2X7SbJ69xH8nZ6
1LjmvaTGGQNRDrZPmQpWmXM3kubfAadmGC
1F272RtCW9TKvYA3YUMA9AZ3xbxJjaoBEQ
1KKZGDL56sHrZefZWw2p61x1z3qzyNAUDJ
1n58SBkjTAGfMivACgkaAkRY9Q7pjNeRB
1FQsjzmQvpETEfsR8CwyoL9HThE56mEry
1LjmvaTGGQNRDrZPmQpWmXM3kubfAadmGC
19hM1CJzN2FYiR8CcrEe2X7SbJ69xH8nZ6
1KKZGDL56sHrZefZWw2p61x1z3qzyNAUDJ
19hM1CJzN2FYiR8CcrEe2X7SbJ69xH8nZ6
1n58SBkjTAGfMivACgkaAkRY9Q7pjNeRB
1FQsjzmQvpETEfsR8CwyoL9HThE56mEry
1KKZGDL56sHrZefZWw2p61x1z3qzyNAUDJ
1FQsjzmQvpETEfsR8CwyoL9HThE56mEry
1F272RtCW9TKvYA3YUMA9AZ3xbxJjaoBEQ
1LjmvaTGGQNRDrZPmQpWmXM3kubfAadmGC
1KKZGDL56sHrZefZWw2p61x1z3qzyNAUDJ
1n58SBkjTAGfMivACgkaAkRY9Q7pjNeRB
1FQsjzmQvpETEfsR8CwyoL9HThE56mEry
19hM1CJzN2FYiR8CcrEe2X7SbJ69xH8nZ6
1KKZGDL56sHrZefZWw2p61x1z3qzyNAUDJ
1FQsjzmQvpETEfsR8CwyoL9HThE56mEry
19hM1CJzN2FYiR8CcrEe2X7SbJ69xH8nZ6
1LjmvaTGGQNRDrZPmQpWmXM3kubfAadmGC
1FQsjzmQvpETEfsR8CwyoL9HThE56mEry
1KKZGDL56sHrZefZWw2p61x1z3qzyNAUDJ
1FQsjzmQvpETEfsR8CwyoL9HThE56mEry
19hM1CJzN2FYiR8CcrEe2X7SbJ69xH8nZ6
1LjmvaTGGQNRDrZPmQpWmXM3kubfAadmGC
1KKZGDL56sHrZefZWw2p61x1z3qzyNAUDJ
19hM1CJzN2FYiR8CcrEe2X7SbJ69xH8nZ6
1n58SBkjTAGfMivACgkaAkRY9Q7pjNeRB
1FQsjzmQvpETEfsR8CwyoL9HThE56mEry
1KKZGDL56sHrZefZWw2p61x1z3qzyNAUDJ
19hM1CJzN2FYiR8CcrEe2X7SbJ69xH8nZ6
1FQsjzmQvpETEfsR8CwyoL9HThE56mEry
1LjmvaTGGQNRDrZPmQpWmXM3kubfAadmGC
1F272RtCW9TKvYA3YUMA9AZ3xbxJjaoBEQ
1KKZGDL56sHrZefZWw2p61x1z3qzyNAUDJ
1n58SBkjTAGfMivACgkaAkRY9Q7pjNeRB
1FQsjzmQvpETEfsR8CwyoL9HThE56mEry
19hM1CJzN2FYiR8CcrEe2X7SbJ69xH8nZ6
1KKZGDL56sHrZefZWw2p61x1z3qzyNAUDJ
1KKZGDL56sHrZefZWw2p61x1z3qzyNAUDJ
19hM1CJzN2FYiR8CcrEe2X7SbJ69xH8nZ6
1LjmvaTGGQNRDrZPmQpWmXM3kubfAadmGC
1FQsjzmQvpETEfsR8CwyoL9HThE56mEry
1KKZGDL56sHrZefZWw2p61x1z3qzyNAUDJ
1FQsjzmQvpETEfsR8CwyoL9HThE56mEry
19hM1CJzN2FYiR8CcrEe2X7SbJ69xH8nZ6
1LjmvaTGGQNRDrZPmQpWmXM3kubfAadmGC
1F272RtCW9TKvYA3YUMA9AZ3xbxJjaoBEQ
1KKZGDL56sHrZefZWw2p61x1z3qzyNAUDJ
1n58SBkjTAGfMivACgkaAkRY9Q7pjNeRB
1FQsjzmQvpETEfsR8CwyoL9HThE56mEry
19hM1CJzN2FYiR8CcrEe2X7SbJ69xH8nZ6
1KKZGDL56sHrZefZWw2p61x1z3qzyNAUDJ
1FQsjzmQvpETEfsR8CwyoL9HThE56mEry
19hM1CJzN2FYiR8CcrEe2X7SbJ69xH8nZ6
1LjmvaTGGQNRDrZPmQpWmXM3kubfAadmGC
1FQsjzmQvpETEfsR8CwyoL9HThE56mEry
1KKZGDL56sHrZefZWw2p61x1z3qzyNAUDJ
1n58SBkjTAGfMivACgkaAkRY9Q7pjNeRB
1FQsjzmQvpETEfsR8CwyoL9HThE56mEry
1LjmvaTGGQNRDrZPmQpWmXM3kubfAadmGC
19hM1CJzN2FYiR8CcrEe2X7SbJ69xH8nZ6
1KKZGDL56sHrZefZWw2p61x1z3qzyNAUDJ
19hM1CJzN2FYiR8CcrEe2X7SbJ69xH8nZ6
1n58SBkjTAGfMivACgkaAkRY9Q7pjNeRB
1FQsjzmQvpETEfsR8CwyoL9HThE56mEry
1KKZGDL56sHrZefZWw2p61x1z3qzyNAUDJ
1FQsjzmQvpETEfsR8CwyoL9HThE56mEry
19hM1CJzN2FYiR8CcrEe2X7SbJ69xH8nZ6
1LjmvaTGGQNRDrZPmQpWmXM3kubfAadmGC
1F272RtCW9TKvYA3YUMA9AZ3xbxJjaoBEQ
1KKZGDL56sHrZefZWw2p61x1z3qzyNAUDJ
1n58SBkjTAGfMivACgkaAkRY9Q7pjNeRB
1FQsjzmQvpETEfsR8CwyoL9HThE56mEry
1KKZGDL56sHrZefZWw2p61x1z3qzyNAUDJ
19hM1CJzN2FYiR8CcrEe2X7SbJ69xH8nZ6
1KKZGDL56sHrZefZWw2p61x1z3qzyNAUDJ
1LjmvaTGGQNRDrZPmQpWmXM3kubfAadmGC
1FQsjzmQvpETEfsR8CwyoL9HThE56mEry
1KKZGDL56sHrZefZWw2p61x1z3qzyNAUDJ
19hM1CJzN2FYiR8CcrEe2X7SbJ69xH8nZ6
1FQsjzmQvpETEfsR8CwyoL9HThE56mEry
1LjmvaTGGQNRDrZPmQpWmXM3kubfAadmGC
1F272RtCW9TKvYA3YUMA9AZ3xbxJjaoBEQ
1KKZGDL56sHrZefZWw2p61x1z3qzyNAUDJ
19hM1CJzN2FYiR8CcrEe2X7SbJ69xH8nZ6
1n58SBkjTAGfMivACgkaAkRY9Q7pjNeRB
1FQsjzmQvpETEfsR8CwyoL9HThE56mEry
1KKZGDL56sHrZefZWw2p61x1z3qzyNAUDJ
1FQsjzmQvpETEfsR8CwyoL9HThE56mEry
19hM1CJzN2FYiR8CcrEe2X7SbJ69xH8nZ6
1LjmvaTGGQNRDrZPmQpWmXM3kubfAadmGC
1F272RtCW9TKvYA3YUMA9AZ3xbxJjaoBEQ
1KKZGDL56sHrZefZWw2p61x1z3qzyNAUDJ
1n58SBkjTAGfMivACgkaAkRY9Q7pjNeRB
1FQsjzmQvpETEfsR8CwyoL9HThE56mEry
1KKZGDL56sHrZefZWw2p61x1z3qzyNAUDJ
19hM1CJzN2FYiR8CcrEe2X7SbJ69xH8nZ6
1KKZGDL56sHrZefZWw2p61x1z3qzyNAUDJ
19hM1CJzN2FYiR8CcrEe2X7SbJ69xH8nZ6
1LjmvaTGGQNRDrZPmQpWmXM3kubfAadmGC
1FQsjzmQvpETEfsR8CwyoL9HThE56mEry
1KKZGDL56sHrZefZWw2p61x1z3qzyNAUDJ
1FQsjzmQvpETEfsR8CwyoL9HThE56mEry
1F272RtCW9TKvYA3YUMA9AZ3xbxJjaoBEQ
1LjmvaTGGQNRDrZPmQpWmXM3kubfAadmGC
1KKZGDL56sHrZefZWw2p61x1z3qzyNAUDJ
1n58SBkjTAGfMivACgkaAkRY9Q7pjNeRB
1FQsjzmQvpETEfsR8CwyoL9HThE56mEry
19hM1CJzN2FYiR8CcrEe2X7SbJ69xH8nZ6
1KKZGDL56sHrZefZWw2p61x1z3qzyNAUDJ
1FQsjzmQvpETEfsR8CwyoL9HThE56mEry
19hM1CJzN2FYiR8CcrEe2X7SbJ69xH8nZ6
1LjmvaTGGQNRDrZPmQpWmXM3kubfAadmGC
1FQsjzmQvpETEfsR8CwyoL9HThE56mEry
1KKZGDL56sHrZefZWw2p61x1z3qzyNAUDJ
1FQsjzmQvpETEfsR8CwyoL9HThE56mEry
1LjmvaTGGQNRDrZPmQpWmXM3kubfAadmGC
19hM1CJzN2FYiR8CcrEe2X7SbJ69xH8nZ6
1KKZGDL56sHrZefZWw2p61x1z3qzyNAUDJ
19hM1CJzN2FYiR8CcrEe2X7SbJ69xH8nZ6
1n58SBkjTAGfMivACgkaAkRY9Q7pjNeRB
1FQsjzmQvpETEfsR8CwyoL9HThE56mEry
1KKZGDL56sHrZefZWw2p61x1z3qzyNAUDJ
1FQsjzmQvpETEfsR8CwyoL9HThE56mEry
19hM1CJzN2FYiR8CcrEe2X7SbJ69xH8nZ6
1LjmvaTGGQNRDrZPmQpWmXM3kubfAadmGC
1F272RtCW9TKvYA3YUMA9AZ3xbxJjaoBEQ
1KKZGDL56sHrZefZWw2p61x1z3qzyNAUDJ
1n58SBkjTAGfMivACgkaAkRY9Q7pjNeRB
1FQsjzmQvpETEfsR8CwyoL9HThE56mEry
1KKZGDL56sHrZefZWw2p61x1z3qzyNAUDJ
19hM1CJzN2FYiR8CcrEe2X7SbJ69xH8nZ6
1KKZGDL56sHrZefZWw2p61x1z3qzyNAUDJ
19hM1CJzN2FYiR8CcrEe2X7SbJ69xH8nZ6
1LjmvaTGGQNRDrZPmQpWmXM3kubfAadmGC
1FQsjzmQvpETEfsR8CwyoL9HThE56mEry
1KKZGDL56sHrZefZWw2p61x1z3qzyNAUDJ
1FQsjzmQvpETEfsR8CwyoL9HThE56mEry
1LjmvaTGGQNRDrZPmQpWmXM3kubfAadmGC
1F272RtCW9TKvYA3YUMA9AZ3xbxJjaoBEQ
1KKZGDL56sHrZefZWw2p61x1z3qzyNAUDJ
19hM1CJzN2FYiR8CcrEe2X7SbJ69xH8nZ6
1n58SBkjTAGfMivACgkaAkRY9Q7pjNeRB
1FQsjzmQvpETEfsR8CwyoL9HThE56mEry
1KKZGDL56sHrZefZWw2p61x1z3qzyNAUDJ
19hM1CJzN2FYiR8CcrEe2X7SbJ69xH8nZ6
1FQsjzmQvpETEfsR8CwyoL9HThE56mEry
1LjmvaTGGQNRDrZPmQpWmXM3kubfAadmGC
1F272RtCW9TKvYA3YUMA9AZ3xbxJjaoBEQ
1KKZGDL56sHrZefZWw2p61x1z3qzyNAUDJ
1n58SBkjTAGfMivACgkaAkRY9Q7pjNeRB
1FQsjzmQvpETEfsR8CwyoL9HThE56mEry
19hM1CJzN2FYiR8CcrEe2X7SbJ69xH8nZ6
1LjmvaTGGQNRDrZPmQpWmXM3kubfAadmGC
19hM1CJzN2FYiR8CcrEe2X7SbJ69xH8nZ6
1KKZGDL56sHrZefZWw2p61x1z3qzyNAUDJ
1n58SBkjTAGfMivACgkaAkRY9Q7pjNeRB
1FQsjzmQvpETEfsR8CwyoL9HThE56mEry
1KKZGDL56sHrZefZWw2p61x1z3qzyNAUDJ
19hM1CJzN2FYiR8CcrEe2X7SbJ69xH8nZ6
1FQsjzmQvpETEfsR8CwyoL9HThE56mEry
1LjmvaTGGQNRDrZPmQpWmXM3kubfAadmGC
1F272RtCW9TKvYA3YUMA9AZ3xbxJjaoBEQ
1KKZGDL56sHrZefZWw2p61x1z3qzyNAUDJ
1n58SBkjTAGfMivACgkaAkRY9Q7pjNeRB
1FQsjzmQvpETEfsR8CwyoL9HThE56mEry
1KKZGDL56sHrZefZWw2p61x1z3qzyNAUDJ
19hM1CJzN2FYiR8CcrEe2X7SbJ69xH8nZ6
1FQsjzmQvpETEfsR8CwyoL9HThE56mEry
19hM1CJzN2FYiR8CcrEe2X7SbJ69xH8nZ6
1LjmvaTGGQNRDrZPmQpWmXM3kubfAadmGC
1FQsjzmQvpETEfsR8CwyoL9HThE56mEry
1KKZGDL56sHrZefZWw2p61x1z3qzyNAUDJ
1FQsjzmQvpETEfsR8CwyoL9HThE56mEry
1LjmvaTGGQNRDrZPmQpWmXM3kubfAadmGC
19hM1CJzN2FYiR8CcrEe2X7SbJ69xH8nZ6
1KKZGDL56sHrZefZWw2p61x1z3qzyNAUDJ
19hM1CJzN2FYiR8CcrEe2X7SbJ69xH8nZ6
1n58SBkjTAGfMivACgkaAkRY9Q7pjNeRB
1FQsjzmQvpETEfsR8CwyoL9HThE56mEry
1KKZGDL56sHrZefZWw2p61x1z3qzyNAUDJ
1FQsjzmQvpETEfsR8CwyoL9HThE56mEry
19hM1CJzN2FYiR8CcrEe2X7SbJ69xH8nZ6
1LjmvaTGGQNRDrZPmQpWmXM3kubfAadmGC
1F272RtCW9TKvYA3YUMA9AZ3xbxJjaoBEQ
1KKZGDL56sHrZefZWw2p61x1z3qzyNAUDJ
1n58SBkjTAGfMivACgkaAkRY9Q7pjNeRB
1FQsjzmQvpETEfsR8CwyoL9HThE56mEry
1KKZGDL56sHrZefZWw2p61x1z3qzyNAUDJ
19hM1CJzN2FYiR8CcrEe2X7SbJ69xH8nZ6
1KKZGDL56sHrZefZWw2p61x1z3qzyNAUDJ
19hM1CJzN2FYiR8CcrEe2X7SbJ69xH8nZ6
1LjmvaTGGQNRDrZPmQpWmXM3kubfAadmGC
1FQsjzmQvpETEfsR8CwyoL9HThE56mEry
1KKZGDL56sHrZefZWw2p61x1z3qzyNAUDJ
1FQsjzmQvpETEfsR8CwyoL9HThE56mEry
1F272RtCW9TKvYA3YUMA9AZ3xbxJjaoBEQ
1LjmvaTGGQNRDrZPmQpWmXM3kubfAadmGC
1KKZGDL56sHrZefZWw2p61x1z3qzyNAUDJ
19hM1CJzN2FYiR8CcrEe2X7SbJ69xH8nZ6
1n58SBkjTAGfMivACgkaAkRY9Q7pjNeRB
1FQsjzmQvpETEfsR8CwyoL9HThE56mEry
19hM1CJzN2FYiR8CcrEe2X7SbJ69xH8nZ6
1KKZGDL56sHrZefZWw2p61x1z3qzyNAUDJ
1FQsjzmQvpETEfsR8CwyoL9HThE56mEry
_endcoins
